{
  "train_01": [
    3.1401567020768804,
    2.4101177438560946,
    5.3500219589524605,
    2.110667932833335,
    2.2415163803374503,
    5.410930261416697,
    5.850047522911166,
    4.077947307613177,
    5.4894197851422275,
    4.1539826199976595,
    2.597796297295374,
    1.2839115970731463,
    2.6310865192168826,
    4.773713750860994,
    5.8537902997064775,
    5.5314495627094145,
    3.062017158771274,
    4.179955818614974,
    3.1266768744234796,
    4.797247935315886,
    1.4386883747320793,
    3.4292081284556697,
    3.6108760956416694,
    1.883304811290791,
    2.26068122543289
  ],
  "train_02": [
    -0.009500891506066304,
    0.7810776612168165,
    0.8615693147678868,
    -0.017109847645032036,
    0.09374208840135512,
    0.9288156796314847,
    0.7403487475618952,
    0.008884043051160195,
    0.009951227231344496,
    0.011093154308705652,
    0.8022271023483695,
    0.11819804224314623,
    0.9171270305813035,
    0.9033907548466049,
    0.9958985106390096,
    0.9232550176371396,
    0.9107011770467682,
    -0.02848692517644763,
    0.9236285017383175,
    0.9021936894611287,
    -0.014863449237007297,
    0.7417604395580604,
    0.33588289569666874,
    0.41429719689496985,
    -0.010030741439459208
  ],
  "train_03": [
    1.049722612529021,
    -0.02719972065294601,
    0.8567300275182358,
    -0.2778322048667,
    -1.040848525168356,
    0.9947101611841511,
    1.3547070172168725,
    -0.9082227554060536,
    -1.3881713003599696,
    0.45555173033797647,
    -0.6773209753638195,
    0.9471693715160832,
    -0.7441803626117662,
    -1.44525131184157,
    0.3673442993639431,
    -1.3337891731687157,
    -0.8601109849677699,
    0.666651710276695,
    -0.6149584055061202,
    -1.4069641415893046,
    -1.3641023690987932,
    1.3837593280155827,
    0.9893204904735209,
    -1.2153834662134828,
    1.3500548345390901
  ],
  "train_04": [
    3.0597890282145523,
    3.1311102338053654,
    3.059162635450966,
    3.135172780505415,
    3.0709150498832,
    3.0674379144379853,
    2.8908431339823433,
    3.0721072596388366,
    3.222394039545547,
    3.1067245146352023,
    3.054288792591296,
    3.0990628530942823,
    3.0129725163806187,
    3.073165346905075,
    2.1880699320500816,
    2.507600919994245,
    3.1466319167932992,
    3.075639291175109,
    3.09001965144752,
    2.6920695988801935,
    2.827429282003406,
    2.769254012190366,
    3.1588136417373405,
    2.805268895610233,
    3.0751255038510164
  ],
  "train_05": [
    0.6155652165347548,
    -1.528166710611274,
    -1.7140850870578623,
    4.8998104255843655,
    -1.6830874380882628,
    1.368667884933656,
    5.476566990159185,
    -1.5786760886579225,
    -1.6611729216066515,
    4.35922033459179,
    2.412021669292254,
    -1.930378983859201,
    4.758634545126162,
    4.659419151692452,
    3.8727581959258655,
    3.788263556017873,
    -0.2489825001701036,
    4.997077681839848,
    -0.5581053156109189,
    -0.38040818846477553,
    -0.45693889057144643,
    1.4060806569140973,
    -0.10482727651297655,
    -0.9497294179133805,
    1.6219889369037177
  ],
  "train_06": [
    -7.069359201717469,
    1.2962342793603736,
    -10.752031658285546,
    -11.966917518097775,
    -6.445228436706961,
    -9.002266205579454,
    -1.3472115726337701,
    -9.34003377302295,
    -2.3700572713949666,
    -8.913076613504007,
    -5.358821205557792,
    -1.1815342240357827,
    -4.848554065921094,
    -8.74217823160157,
    -4.189629994363774,
    -4.902642675714625,
    -11.151766231930463,
    -9.338427221295087,
    -6.890573297416797,
    -3.0845463435870584,
    -14.723782475398798,
    -2.0806860973876464,
    -5.790513463799563,
    -12.056879534643047,
    -10.880494025981113
  ],
  "train_07": [
    -0.4425167670318283,
    0.7584661842531003,
    -1.4570995467698415,
    -0.8036684401664732,
    -1.2677083527847732,
    1.909051346238379,
    -0.3447923799254993,
    0.9173598978015826,
    -1.4167447868461858,
    -0.8430428751560447,
    0.746577642758727,
    0.4088981613945548,
    0.7783728847527402,
    -0.653627482016772,
    1.8728950534897484,
    -0.790275336324516,
    1.539713380437792,
    1.6370573761269622,
    0.6362334878972169,
    -1.5120116093387315,
    0.7037464012963649,
    0.4709138189682454,
    1.849342100001425,
    -1.2019670566309046,
    -0.16241688417299172
  ],
  "train_08": [
    5.008925804205271,
    1.2266773539110887,
    1.9550145263634082,
    -4.065247893766967,
    0.9498602423374051,
    5.0335878397030775,
    4.676847856215769,
    -2.5955830031250744,
    -1.7967654947049252,
    4.649468313526526,
    -4.3554126695478335,
    1.1888032878882813,
    -3.6616003383937166,
    4.185017504445599,
    -1.004239004627344,
    0.30640237137748355,
    -3.57061367462644,
    3.899530533371416,
    3.0232392942630404,
    -0.6667161906384707,
    -0.3329198170639617,
    3.750205884251624,
    2.321046171707334,
    -4.2471007074432405,
    -0.5619019477484678
  ],
  "train_09": [
    0.6346513254239088,
    1.1941418082476145,
    -1.2306977647220234,
    -0.1157858644576244,
    0.12103774027142382,
    -1.1380909590792851,
    -0.16762225478070336,
    0.055129199914333835,
    -1.2346855070169744,
    -1.12247209255155,
    0.12837470503687026,
    -0.6242511044654542,
    -1.0545444372524586,
    -1.211176528376257,
    1.056488700260392,
    -0.8112817195659041,
    -0.4161624125942117,
    -1.185323161425966,
    1.1558303610655394,
    -0.6171198259560797,
    0.9897510290643499,
    -1.2214165971559965,
    -1.1406924981077242,
    1.150582747992031,
    0.40699795688695084
  ],
  "train_10": [
    -0.053290987670657146,
    0.8455416253650262,
    -0.7888588190892648,
    0.8227139179725025,
    0.20673742811828996,
    0.414825451827738,
    -0.5676914685718666,
    -0.23261395442906385,
    0.745061573886644,
    -0.5182632631858082,
    1.0157924343767342,
    0.48484052444028297,
    -0.6615023177222592,
    0.9366769997192621,
    0.9451562835329325,
    -0.9499853276896387,
    -0.4702841169861784,
    0.6593287912105081,
    0.14623342593920347,
    -0.20507234859810597,
    0.8888847232930519,
    0.38494205381525237,
    0.16883934004847678,
    -0.9101741337296024,
    -0.6006972161870611
  ],
  "train_11": [
    -4.058849821972204,
    -5.56499463375279,
    -4.179620333982879,
    -5.009853463377148,
    -4.140129914162269,
    -4.162774773887047,
    -4.359213031853456,
    -5.295310780556763,
    -4.43180766018408,
    -4.100910625995117,
    -4.093205467751704,
    -5.595726288066219,
    -5.226791720541563,
    -5.064570862245388,
    -5.547747470684895,
    -4.271001610769431,
    -4.171856339194592,
    -4.392615022584009,
    -4.7164116319438065,
    -4.196178061803321,
    -4.992678974769959,
    -4.379616590560272,
    -4.08630580536611,
    -4.164201437685119,
    -5.473544621954806
  ],
  "train_12": [
    -0.29243226933781147,
    -0.020577491577492394,
    -0.5914798253008045,
    -0.08332576709247488,
    -0.2493612420029703,
    -0.8737533777713722,
    -0.044648592142865824,
    -1.5717381570276436,
    -0.006538093390999676,
    -1.2911760897468252,
    -0.33549554343141014,
    -0.9766755754237748,
    -0.09817915299678603,
    -0.09229796131803854,
    -0.019792974261504497,
    -0.023333421053336797,
    -0.2467355488282241,
    -0.33356806505378567,
    -0.025395394502756352,
    -1.5979576939712103,
    -0.601463818467075,
    -0.018478048733354825,
    0.001373691954714777,
    0.02435779717724032,
    -0.06577482135300497
  ],